Place,Title,Name,Type,Latitude,Longitude,Code,Enclosed_by,Date
[P0056],Palestine,Palestine,Country,,,,,
[P0057],United States,USA,Country,,,,,
[P0068],Austria,Austria,Country,,,,,
[P0131],Canada,Canada,Country,,,,,
[P0151],Israel,Israel,Country,,,,,
[P0152],Germany,Germany,Country,,,,,
[P0160],"California, USA",California,State,,,,[P0057],
[P0164],"Oregon, USA",Oregon,State,,,,[P0057],
[P0170],"Florida, USA",Florida,State,,,,[P0057],
[P0172],"San Francisco, CA",San Francisco,City,,,,[P0160],
[P0204],"Restaurant Gerstl, Neunkirchnerstrasse, Wiener Neustadt, Austria",Restaurant Gerstl,Building,,,,[P0068],
[P0208],"Haifa, Israel/Palestine (depending on date)",Haifa,City,,,,[P0151],
[P0210],"Jerusalem, Israel/Palestine(depending on the date)",Jerusalem,City,,,,[P0151],
[P0213],"Bremen, Germany",Bremen,City,,,,[P0152],
[P0230],"Munich, Germany",Munich,City,,,,[P0152],
[P0232],"New Jersey, USA",New Jersey,State,,,,[P0057],
[P0235],"Rishon L'Zion, Israel",Rishon L'Zion,City,,,,[P0151],
[P0237],SS Atlantic (Ship) Panamanian Flagged Ship(easy to obtain at that time),SS Atlantic (Ship),Unknown,,,,,
[P0238],SS Frankonia (ship),SS Frankonia (ship),Unknown,,,,,
[P0240],SS Transylvania (ship),SS Transylvania (ship),Unknown,,,,,
[P0244],SS Johan de Wittt / SS Nieuw Zeeland (Two Dutch ships) ,SS Johan de Wittt  OR SS Nieuw Zeeland (Two Dutch ships) ,Unknown,,,,,
[P0248],"Montana, USA",Montana,State,,,,[P0057],
[P0249],"Kansas, USA",Kansas,State,,,,[P0057],
[P0252],"Neunkirchen, Austria",Neunkirchen,City,,,,[P0068],
[P0259],"Leipzig, Germany",Leipzig,City,,,,[P0152],
[P0265],Merk camp,Merk camp,Locality,,,,,
[P0266],Russia / Soviet Union,Russia,Country,,,,,
[P0268],"University of Leipzig, Germany",University of Leipzig,Locality,,,,[P0259],
[P0275],Grumman,Grumman,Locality,,,,,
[P0276],Korea,Korea,Country,,,,,
[P0282],"Graz, Austria",Graz,City,,,,[P0068],
[P0283],"Hainfeld, Austria",Hainfeld,City,,,,[P0068],
[P0284],France,France,Country,,,,,
[P0285],"Pöchlarn, Austria",Pöchlarn,City,,,,[P0068],
[P0299],"Kollersdorf, Austria",Kollersdorf,City,,,,[P0068],
[P0300],"Tulln, Austria",Tulln,City,,,,[P0068],
[P0313],"Ludwigschaften, Germany",Ludwigschaften,City,,,,[P0152],
[P0314],"Mannheim, Germany",Mannheim,City,,,,,
[P0320],"Diplomat Hotel, Hallendale Beach, FL",Diplomat Hotel,Locality,,,,[P0170],
[P0341],Kabold/Kobersdorf,Kabold/Kobersdorf,City,,,,[P0068],
[P0342],"Austria-Hungary(Galicia), Poland, Ukraine (today)","Austria-Hungary(Galicia), Poland, Ukraine (today)",Country,,,,,
[P0345],"Connecticut, USA",Connecticut,State,,,,[P0057],
[P0348],Austria-Hungary,Austria-Hungary,Country,,,,,
[P0349],"Pennsylvania, USA",Pennsylvania,State,,,,[P0057],
[P0350],Italy,Italy,Country,,,,,
[P0013],The Czech Republic,The Czech Republic,Country,,,,,
[P0355],"Valence-d'Albigeois, France",Valence-d'Albigeois,City,,,,[P0284],
[P0361],"Georgia, United States",Georgia,State,,,,[P0057],
[P0365],"Broward, Florida, USA",Broward,County,,,,[P0170],
[P0366],"Plantation, Broward, FL",Plantation,City,,,,[P0365],
[P0371],Greece,Greece,Country,,,,,
[P0377],"Ontario, Canada",Ontario,State,,,,[P0131],
[P0378],"Ukraine (previously Poland, Austria-Hungary)","Ukraine (previously Poland, Austria-Hungary)",Country,,,,,
[P0379],Israel/Palestine(depending on date),Israel/Palestine(depending on date),Country,,,,,
[P0380],Romania,Romania,Country,,,,,
[P0245],Belarus / USSR,Belarus / USSR,Country,,,,,
[P0384],Georgia,Georgia,Country,,,,,
[P0387],"Ludwigshafen am Rhein, Germany",Ludwigshafen am Rhein,City,,,,[P0152],
[P0392],Belgium,Belgium,Country,,,,,
[P0393],"Miami-Dade, Florida, USA",Miami-Dade,County,,,,[P0170],
[P0394],Ukraine,Ukraine,Country,,,,,
[P0395],"Washington, United States",Washington,State,,,,[P0057],
[P0396],Poland,Poland,Country,,,,,
[P0398],"Multnomah, Oregon, USA",Multnomah,County,,,,[P0164],
[P0401],"Texas, USA",Texas,State,,,,[P0057],
[P0402],"Cooke, Texas, USA",Cooke,County,,,,[P0401],
[P0406],Denmark,Denmark,Country,,,,,
[P0407],"Tennessee, United States",Tennessee,State,,,,[P0057],
[P0408],"Vykáň, The Czech Republic",Vykáň,City,,,,[P0013],
[P0409],"Central Bohemian Region, The Czech Republic",Central Bohemian Region,State,,,,[P0013],
[P0400],"Březnice (Bresnitz), Central Bohemian Region, The Czech Republic",Březnice (Bresnitz),City,,,,[P0409],
[P0411],"Příbram District, Březnice (Bresnitz), Central Bohemian Region, The Czech Republic",Příbram District,Locality,,,,[P0400],
[P0412],"Sunrise, Broward, Florida",Sunrise,City,,,,[P0365],
[P0414],"Quebec, Canada",Quebec,State,,,,[P0131],
[P0416],Switzerland,Switzerland,Country,,,,,
[P0417],"Zurich, Switzerland",Zurich,State,,,,[P0416],
[P0418],Slovakia (previously Austria-Hungary),Slovakia (previously Austria-Hungary),Country,,,,,
[P0420],Mauritius,Mauritius,Country,,,,,
[P0423],"Givat Haim, Palestine/Israel (depending on date)",Givat Haim,City,,,,[P0379],
[P0426],"Atlit עַתְלִית, , Palastine/Israel",Atlit עַתְלִית,Locality,,,,[P0379],
[P0429],"Minnesota, United States",Minnesota,State,,,,[P0057],
[P0437],"Colorado, USA",Colorado,State,,,,[P0057],
[P0444],"Litoměřice District, Czech Republic",Litoměřice District,District,,,,[P0013],
[P0446],"Central Bohemian Region, Dušníky (Duschnik), Litoměřice District, The Czech Republic",Central Bohemian Region,Region,,,,[P0444],
[P0449],"Dollard-des-Ormeaux, Quebec, Canada",Dollard-des-Ormeaux,City,,,,[P0414],
[P0453],"Newfoundland, Canada",Newfoundland,State,,,,[P0131],
[P0454],"Herzogenburg, Austria",Herzogenburg,City,,,,[P0068],
[P0466],"Branford, Connecticut",Branford,City,,,,[P0345],
[P0467],"The Connecticut Hospice, Inc., Branford, Connecticut, United States","The Connecticut Hospice, Inc.",Locality,,,,[P0466],
[P0472],"Michigan, United States",Michigan,State,,,,[P0057],
[P0476],"Indiana, United States",Indiana,State,,,,[P0057],
[P0478],"Hollywood, CA",Hollywood,City,,,,[P0160],
[P0479],"Karaganda ""Camp"", Soviet Union","Karaganda ""Camp"", Soviet Union",Locality,,,,,
[P0482],"East Orange, NJ",East Orange,City,,,,[P0232],
[P0483],Munn Avenue,Munn Avenue,Street,,,,[P0482],
[P0484],"50 Munn Avenue, East Orange, NJ",50,Building,,,,[P0483],
[P0490],Rye Beach,Rye Beach,Unknown,,,,,
[P0497],"Summit St, East Orange, NJ",Summit Street,Street,,,,[P0482],
[P0498],"15 Summit St, East Orange, NJ",15,Building,,,,[P0497],
[P0499],"Harrison, NJ","Harrison, NJ",Town,,,,[P0232],
[P0512],"Ohio, USA",Ohio,State,,,,[P0057],
[P0513],"Columbus, Ohio",Columbus,City,,,,[P0512],
[P0514],"Ohio State University, Columbus, Ohio",Ohio State University,Locality,,,,[P0513],
[P0464],"Oświęcim (Auschwitz), Poland",Oświęcim (Auschwitz),City,,,,[P0396],
[P0477],"Greenwich, Connecticut",Greenwich,City,,,,[P0345],
[P0517],"El Paso, Texas",El Paso,City,,,,[P0401],
[P0518],United Kingdom,United Kingdom,Country,,,,,
[P0521],"Bethlehem, PA",Bethlehem,City,,,,[P0349],
[P0522],"Lviv (Lwów, Lemberg) Poland","Lviv (Lwów, Lemberg)",City,,,,[P0396],
[P0523],"Dachau, Germany",Dachau,City,,,,[P0152],
[P0524],"Ebensee, Austria",Ebensee,City,,,,,
[P0525],"Mauthausen, Austria",Mauthausen,City,,,,[P0068],
[P0526],"Gainsville, Texas",Gainsville,City,,,,[P0402],
[P0527],"Drancy, France",Drancy,City,,,,[P0284],
[P0462],"Bratislava, Slovakia",Bratislava (German: Pressburg),City,,,,[P0418],
[P0534],Lake Oswego,Lake Oswego,City,,,,[P0164],
[P0535],Washington,Washington,County,,,,[P0164],
[P0536],Sherwood,Sherwood,City,,,,[P0535],
[P0537],Cedar Brook Farm,Cedar Brook Farm,Farm,,,,[P0536],
[P0548],,Leonardo,City,,,,[P0232],
[P0549],,Croydon Hall Academy,Unknown,,,,[P0548],
[P0550],,New Hampshire,State,,,,[P0057],
[P0551],,Henniker,Unknown,,,,[P0550],
[P0552],,New England College,Unknown,,,,[P0551],
[P0565],,Aloha,Village,,,,[P0535],
[P0566],,Clackamas,Country,,,,[P0164],
[P0511],,Soolina,Unknown,,,,[P0380],
[P0533],,"Sarafand (renamed Zrifin, military barracks)",Unknown,,,,[P0379],
[P0547],,Ramat Gan,Unknown,,,,[P0379],
[P0571],,Athens,City,,,,[P0371],
[P0572],,Pireas,City,,,,[P0371],
[P0212],,Wienerstrasse 11,Building,,,,[P0454],
[P0568],,Maryland,State,,,,[P0057],
[P0586],,Harfore,County,,,,[P0568],
[P0587],,St. Johns,Unknown,,,,[P0398],
[P0588],,Oregon Shipbuilding Corporation,Building,,,,[P0587],
[P0595],,Bochov (Buchau),Village,,,,[P0013],
[P0601],,SS President Grant (ship),Unknown,,,,,
[P0603],,Morninglory,Farm,,,,,
[P0614],,Volos (Βόλος),City,,,,[P0371],
[P0615],,Cooper Mountain Evangelical Cemetery,Unknown,,,,[P0565],
[P0616],,Stevenson,City,,,,[P0395],
[P0617],,Capital Theo (ship),Unknown,,,,,
[P0620],,SS Lafayette (ship),Unknown,,,,,
[P0577],,Kirchengasse 13,Street,,,,[P0300],
[P0625],,Berzirk Tulln,Unknown,,,,[P0068],
[P0627],,Athens,City,,,,[P0361],
[P0627],,Athens,City,,,,[P0384],
[P0634],,1516 N. Western Avenue,Building,,,,[P0478],
[P0632],,South Carolina ,State,,,,[P0057],
[P0635],,China,Country,,,,,
[P0636],,Shanghai,City,,,,[P0635],
[P0637],,1624 Sacramento St.,Building,,,,[P0172],
[P0638],,Szczecin (German: Settin. Part of Germany bevore WW2.),City,,,,[P0396],
[P0639],,Le Havre,City,,,,[P0284],
[P0641],,Cipole School,Building,,,,[P0536],
[P0643],,Lane,County,,,,[P0164],
[P0644],,Eugene,City,,,,[P0643],
[P0645],,University of Oregon,Building,,,,[P0644],
[P0649],,Brae Burn Country Club,Building,,,,,
[P0650],,Hollywood,City,,,,[P0170],
[P0651],,Beth David Levitt Weinstein,Building,,,,[P0650],
[P0654],,Trieste,City,,,,,
[P0657],,Penza Oblast,Unknown,,,,[P0266],
[P0658],,Spassky District,District,,,,[P0657],
[P0659],,Spassk (Спасск),Town,,,,[P0658],
[P0661],,Karlag (Karaganda Corrective Labor Camp),Locality,,,,[P0659],
[P0662],,Miami,City,,,,[P0393],
[P0663],,17530 NE 7th Ct,Building,,,,[P0662],
[P0001],"Bialystok, Poland",Bialystok,City,,,,[P0396],
[P0003],"Vienna, Austria",Vienna,City,,,,[P0068],
[P0008],"Mladá Boleslav (Jungbunzlau), The Czech Republic",Mladá Boleslav (Jungbunzlau),City,,,,[P0013],
[P0010],"Příbram (Przibram), Bohemia, The Czech Republic",Příbram (Przibram),Locality,,,,[P0409],
[P0021],"Tel Aviv, Israel",Tel Aviv,City,,,,[P0151],
[P0023],Vienna Zentralfriedhof Gate 4 Group 22  Row 2  Grave 11,Zentralfriedhof Gate 4 Group 22  Row 2  Grave 11,Locality,,,,[P0003],
[P0024],Vienna Zentralfriedhof Gate 1 Group 8  Row 61  Grave 61,Zentralfriedhof Gate 1 Group 8  Row 61  Grave 61,Locality,,,,[P0003],
[P0027],"Portland, Oregon",Portland,City,,,,[P0398],
[P0040],"Wiener Neustadt, Austria",Wiener Neustadt,City,,,,[P0068],
[P0042],"Dušníky (Duschnik), Czech",Příbram District,Locality,,,,[P0446],
[P0046],"Montreal, Canada",Montreal,City,,,,[P0414],
[P0044],"San Diego, CA",San Diego,City,,,,[P0160],
[P0045],"Milín, The Czech Republic",Milín,City,,,,[P0013],
[P0048],Volyně (Wollin),Wollin (Volyně),City,,,,[P0013],
[P0049],"Boca Raton, Florida",Boca Raton,City,,,,[P0170],
[P0052],"New York State, USA",New York State,State,,,,[P0057],
[P0053],"Miami Beach, FL",Miami Beach,City,,,,[P0170],
[P0054],"Atlanta, Georgia",Atlanta,City,,,,[P0361],
[P0055],Dachau Concentration Camp,Dachau Concentration Camp,Locality,,,,[P0523],
[P0058],"Stanislau (Stanisławów, Stanyslaviv) (now: Ivanov Frankovsk, Ukrainian: Іва́но-Франкі́вськ), Ukraine(Today)","Stanislau (Stanisławów, Stanyslaviv) (now: Ivanov Frankovsk, Ukrainian: Іва́но-Франкі́вськ)",City,,,,[P0394],aft 1945-00-00
[P0058],"Stanislau (Stanisławów, Stanyslaviv) (now: Ivanov Frankovsk, Ukrainian: Іва́но-Франкі́вськ), Ukraine(Today)","Stanislau (Stanisławów, Stanyslaviv) (now: Ivanov Frankovsk, Ukrainian: Іва́но-Франкі́вськ)",City,,,,[P0396],1918-00-00 - 1945-00-00
[P0058],"Stanislau (Stanisławów, Stanyslaviv) (now: Ivanov Frankovsk, Ukrainian: Іва́но-Франкі́вськ), Ukraine(Today)","Stanislau (Stanisławów, Stanyslaviv) (now: Ivanov Frankovsk, Ukrainian: Іва́но-Франкі́вськ)",City,,,,[P0348],bef 1918-00-00
[P0059],Kabold/Kobersdorf im Burgenland,Kabold/Kobersdorf im Burgenland,Street,,,,[P0341],
[P0060],"Zurich, Switzerland",Zurich,City,,,,[P0417],
[P0061],"Camp Hozie, Gainesville, Texas",Camp Hozie,Locality,,,,[P0526],
[P0062],"Reca (Réte), Slovakia",Reca (Réte),City,,,,[P0418],
[P0063],"Antwerp, Belgium",Antwerp,City,,,,[P0392],
[P0067],"Los Angeles, CA",Los Angeles,City,,,,[P0160],
[P0069],"Nassau County, NY, USA",Nassau,County,,,,[P0052],
[P0070],"Middletown, NY",Middletown,City,,,,[P0052],
[P0074],"Englewood, New Jersey",Englewood,City,,,,[P0232],
[P0077],Buczacz (Buchach),Buchach (Buczacz),City,,,,[P0342],
[P0085],"Helena, Montana",Helena,City,,,,[P0248],
[P0087],"Gineevashov, Poland",Gineevashov,City,,,,[P0396],
[P0091],"Hospital Wiener Neustadt, Austria",Hospital Wiener Neustadt,Locality,,,,[P0040],
[P0092],"Wiener Neustadt Synagogue, Baumkirchenring 4",Wiener Neustadt Synagogue,Building,,,,[P0040],
[P0093],"Wienerstrasse 31, Wiener Neustadt, Austria",Wienerstrasse 31,Building,,,,[P0040],
[P0094],"Jeffersonville, Indiana",Jeffersonville,City,,,,[P0476],
[P0095],"North Miami Beach, Fl",North Miami Beach,City,,,,[P0393],
[P0097],"Camp Stoneman, California",Camp Stoneman,Locality,,,,[P0160],
[P0098],"Fort Mason Chapel, San Francisco, CA",Fort Mason Chapel,Locality,,,,[P0172],
[P0096],"Podzameczek (Подзамочек), Ukraine",Podzameczek (Подзамочек),City,,,,[P0394],
[P0103],"Atlantic City, New Jersey",Atlantic City,City,,,,[P0232],
[P0106],"Złoty Potok, Austria-Hungary",Złoty Potok,City,,,,[P0348],
[P0107],"Old Bethpage, NY",Old Bethpage,City,,,,[P0052],
[P0110],"Monticello, NY",Monticello,City,,,,[P0052],
[P0112],"William Beaumont Army Hospital, El Paso, Texas",William Beaumont Army Hospital,Locality,,,,[P0517],
[P0115],"Syracuse, NY",Syracuse,City,,,,[P0052],
[P0116],"Boulder, Colorado",Boulder,City,,,,[P0437],
[P0119],"Boynton Beach, Florida",Boynton Beach,City,,,,[P0170],
[P0121],"Danbury, CT",Danbury,City,,,,[P0345],
[P0122],"Two Harbors, Minnesota",Two Harbors,City,,,,[P0429],
[P0123],"Barrys Bay, Ontario",Barrys Bay,City,,,,[P0377],
[P0124],"Boiceville, New York",Boiceville,City,,,,[P0052],
[P0125],"Etobicoke, Ontario",Etobicoke,City,,,,[P0377],
[P0126],"Woodstock, NY",Woodstock,City,,,,[P0052],
[P0127],"Horton Memorial Hospital, Monticello, New York",Horton Memorial Hospital,Locality,,,,[P0110],
[P0128],"Middletown Hospital, Middletown, NY",Middletown Hospital,Locality,,,,[P0070],
[P0133],"Seattle, WA",Seattle,City,,,,[P0395],
[P0134],"Philadelphia, PA",Philadelphia,City,,,,[P0349],
[P0136],"Greenwich Hospital, Greenwich, CT",Greenwich Hospital,Locality,,,,[P0477],
[P0143],"Lehigh University, Bethlehem, PA",Lehigh University,Locality,,,,[P0521],
[P0148],"Wien University, Vienna",Wien University,Locality,,,,[P0003],
[P0149],"Bari, Italy",Bari,City,,,,[P0350],
[P0150],"Lviv University, Lviv (Lwów, Lemberg), Poland",Lviv University,Locality,,,,[P0522],
[P0153],"Kehal Israel Cemetery, 4189 Blvd des Sources, Quebec, Canada",Kehal Israel Cemetery,Locality,,,,[P0449],
[P0154],"Dade County, Florida, USA",Dade,County,,,,[P0170],
[P0155],"8759 Rosewood Ave, Hollywood",8759 Rosewood Ave,Street,,,,[P0478],
[P0173],"Gander, Canada",Gander,City,,,,[P0453],
[P0174],"Prestwick, United Kingdom",United Kingdom,Town,,,,[P0518],
[P0175],"Kastrup, Denmark",Kastrup,City,,,,[P0406],
[P0176],"Spring Glen, NY",Spring Glen,City,,,,[P0052],
[P0177],"Lewinters Bungalow Colony, Monticello, NY",Lewinters Bungalow Colony,Locality,,,,[P0052],
[P0177],"Lewinters Bungalow Colony, Monticello, NY",Lewinters Bungalow Colony,Locality,,,,[P0110],
[P0179],"Summertown, Tennessee",Summertown,City,,,,[P0407],
[P0180],"Milín #28, Czech",#28 (house number),Building,,,,[P0045],
[P0181],"Milín #30, Czech",#30 (house number),Building,,,,[P0045],
[P0183],"Milín #7, Czech",#7 (house number),Building,,,,[P0045],
[P0186],Vienna Zentralfriedhof Gate 4 Group 10  Row 7  Grave 97,Zentralfriedhof Gate 4 Group 10  Row 7  Grave 97,Locality,,,,[P0003],
[P0187],Vienna Zentralfriedhof Gate 1 Group 52 Row 18 Grave 39,Zentralfriedhof Gate 1 Group 52 Row 18 Grave 39,Locality,,,,[P0003],
[P0188],Vienna Zentralfriedhof Gate 1 Group 49 Row 3 Grave 92,Zentralfriedhof Gate 1 Group 49 Row 3 Grave 92,Locality,,,,[P0003],
[P0189],Vienna Zentralfriedhof Gate 4 Group 89a Row 10  Grave 55,Zentralfriedhof Gate 4 Group 89a Row 10 Grave 55,Locality,,,,[P0003],
[P0190],Vienna Zentralfriedhof Gate 1 Group 50  Row 58  Grave 83,Zentralfriedhof Gate 1 Group 50  Row 58  Grave 83,Locality,,,,[P0003],
[P0191],"Rossauer Lände 33, Vienna, Austria",Rossauer Lände 33,Building,,,,[P0003],
[P0192],"Augartenstrasse 30, Vienna, Austria",Augartenstrasse 30,Street,,,,[P0003],
[P0193],"Ob. Donaustrasse 9, Vienna",Ob. Donaustrasse 9,Building,,,,[P0003],
[P0194],"Salesiangasse 20, Vienna, Austria",Salesiangasse 20,Building,,,,[P0003],
[P0195],"Gerichtl. Medizin, Vienna, Austria",Gerichtl. Medizin,Locality,,,,[P0003],
[P0196],"Neuwaldeggstrasse 4, Vienna",Neuwaldeggstrasse 4,Building,,,,[P0003],
[P0197],"Fischerstiege 4, Vienna, Austria (Erster Stock: 2nd floor in American English)",Fischerstiege 4/1/6a,Apartment,,,,[P0003],
[P0201],"West Point, New York",West Point,Locality,,,,[P0052],
[P0202],"16 Wiesberggasse 2/14, Vienna, Austria",16 Wiesberggasse 2/14,Building,,,,[P0003],
[P0203],"18 Semperstr 43, Vienna, Austria",18 Semperstr 43,Street,,,,[P0003],
[P0205],"Synagogue Neunkirchen, Austria",Synagogue Neunkirchen,Locality,,,,[P0252],
[P0206],"Beau-Bassin, Mauritius (Detention Camp)",Beau-Bassin (Detention Camp),Locality,,,,[P0420],
[P0207],"Atlit detainee camp, Palestine/Israel (20 km/12 mi south of Haifa)",Atlit detainee camp,Locality,,,,[P0426],
[P0214],"Šafov (Schaffa), The Czech Republic",Šafov (Schaffa),City,,,,[P0013],
[P0215],"Schottenkirche (Shotten Church), Freyung 6A, Vienna",Schottenkirche (Shotten Church),Locality,,,,[P0003],
[P0217],"Tulcea, Romania",Tulcea,City,,,,[P0380],
[P0218],"Milín #47, Czech",#47 (house number),Building,,,,[P0045],
[P0219],"Milín #6, Czech",#6 (house number),Building,,,,[P0045],
[P0221],"Milín #8, Czech",#8 (house number),Building,,,,[P0045],
[P0222],"Zaleszczyki, Poland",Zaleszczyki,City,,,,[P0396],
[P0223],"Auschwitz Concentration Camp, Oświęcim (Auschwitz), Poland",Auschwitz Concentration Camp,Locality,,,,[P0464],
[P0224],"Paris, France",Paris,City,,,,[P0284],
[P0225],"Drancy Internment Camp, Drancy, France",Drancy Internment Camp,Locality,,,,[P0527],
[P0226],"Aigou Valence-d'Albigeois, France",Aigou  ,Locality,,,81340,[P0355],
[P0229],"Czortków (Chortkiv), Ukraine",Czortków (Chortkiv),City,,,,[P0378],
[P0233],"Rumburk (Rumburg), The Czech Republic",Rumburk (Rumburg),City,,,,[P0013],
[P0234],"Prague, The Czech Republic",Prague,City,,,,[P0013],
[P0239],"87 Herzl Street, Tel Aviv",87 Herzl Street,Building,,,,[P0021],
[P0241],Givat Haim. Kibbutz in Palestine/Israel,Givat Chaim (Ichud),Locality,,,,[P0423],
[P0241],Givat Haim. Kibbutz in Palestine/Israel,Givat Chaim (Ichud),Locality,,,,[P0379],
[P0241],Givat Haim. Kibbutz in Palestine/Israel,Givat Chaim (Ichud),Locality,,,,[P0151],
[P0243],"Sulina, Romania",Sulina,City,,,,[P0380],
[P0246],"Jáchymov (Joachimsthal), The Czech Republic",Jáchymov (Joachimsthal),City,,,,[P0013],
[P0247],"Karlovy Vary (Karlsbad, Carlsbad), The Czech Republic","Karlovy Vary (Karlsbad, Carlsbad)",City,,,,[P0013],
[P0251],"Rotenlöwengasse 10/23, Vienna",Rotenlöwengasse 10/23,Apartment,,,,[P0003],
[P0253],"Scheuchgasse 6/20, Vienna, Austria",Scheuchgasse 6/20,Apartment,,,,[P0003],
[P0254],"Wallensteinstraße 39/6, Vienna, Austria",Wallensteinstraße 39/6,Apartment,,,,[P0003],
[P0255],"Rotenlöwengasse 19/14, Vienna",Rotenlöwengasse 19/14,Apartment,,,,[P0003],
[P0256],"Budějovice (Budweis), Czech",Budějovice (Budweis),City,,,,[P0013],
[P0258],"Thessaloniki, Greece (German:Saloniki)",Thessaloniki,City,,,,[P0371],
[P0261],"Institute Zachariadis, Thessaloniki",Institute Zachariadis,Locality,,,,[P0258],
[P0262],"Auschwitz 1, Poland",Auschwitz 1,Locality,,,,[P0223],
[P0263],"Ebensee Concentration Camp, Ebensee, Austria",Ebensee Concentration Camp,Locality,,,,[P0524],
[P0264],"Mauthausen Camp, Mauthausen, Austria",Mauthausen Camp,Locality,,,,[P0525],
[P0267],"Satu Mare, Romania","Satu Mare (Szatmárnémeti, Sathmar, Satmar   סאטמאר)",City,,,,[P0380],
[P0269],"S'china's Girls' School, Thessaloniki, Greece",S'china's Girls' School,Locality,,,,[P0258],
[P0270],"Kalamari School, Thessaloniki, Greece",Kalamari School,Locality,,,,[P0258],
[P0271],"Panorama (Arsakli), Greece",Panorama (Arsakli),City,,,,[P0371],
[P0273],"Eptaphyrgion prison, Thessaloniki, Greece",Eptaphyrgion prison,Locality,,,,[P0258],
[P0274],"Miaouli Street, Thessaloniki, Greece",Miaouli Street,Street,,,,[P0258],
[P0277],"Ahavai Sholom Cemetery, 9323 SW 1st Ave Portland, Oregon",Ahavai Sholom Cemetery,Locality,,,97219,[P0027],
[P0286],"Pognergasse 26, Wiener Neustadt, Austria",Pognergasse 26,Building,,,,[P0040],
[P0287],"Kammanngasse 5, Wiener Neustadt, Austria",Kammanngasse 5,Building,,,,[P0040],
[P0288],"Aspangbahnhof (Aspang train station), Vienna",Aspangbahnhof,Locality,,,,[P0003],
[P0289],"Wolkowysk, Belarus",Wolkowysk,City,,,,[P0245],
[P0290],"Minsk, Belarus",Minsk,City,,,,[P0245],
[P0291],"Vykáň, Czech Republic",Bohemia,Locality,,,,[P0408],
[P0292],"Franzensbrückenstr. 19, Vienna",Franzensbrückenstr. 19,Building,,,,[P0003],
[P0293],"Březnice (Bresnitz), Czech",Příbram District,Locality,,,,[P0400],
[P0294],"Milín #91, Czech",#91 (house number),Building,,,,[P0045],
[P0295],"Long Island, New York",Long Island,Locality,,,,[P0052],
[P0296],"Kamenná Cemetery, Czech",Kamenná Cemetery,Locality,"49°37'42.4""N","13°59'22.2""E",,[P0013],
[P0298],"Milín Synagogue, #48, Milín",#48 (Synagogue),Locality,,,,[P0045],
[P0301],"Březnice (Bresnitz) #3, Czech",#3 (house number) Březnice (Bresnitz),Building,,,,[P0411],
[P0304],"Milín #78, Czech",#78 (house number),Building,,,,[P0045],
[P0305],Kozarowitz,Kozarowitz,City,,,,[P0013],
[P0306],Zbenitz (Zbenice),Zbenitz (Zbenice),City,,,,[P0013],
[P0309],"Fort Custer, Michigan",Fort Custer,Locality,,,,[P0472],
[P0315],"Schanzstrasse 26, Ludwigshafen, Germany",Schanzstrasse 26,Building,,,,[P0387],
[P0318],"Sunrise Jewish Center, 4099 NW 88th Ave, Sunrise, FL",Sunrise Jewish Center,Locality,,,33351,[P0412],
[P0322],"Pečice (German: Gross Petschitz), The Czech Republic",Pečice (German: Gross Petschitz),City,,,,[P0013],
[P0325],"Humana Hospital Bennett, Plantation, FL",Humana Hospital Bennett,Locality,,,33324,[P0366],
[P0326],"8350 Sunrise Lakes Blvd, Sunrise, FL",#54-30 8350 Sunise Lakes Blvd,Street,,,,[P0412],
[P0328],"The Connecticut Hospice, 100 Double Beach Road, Branford, CT",The Connecticut Hospice,Locality,,,06405,[P0467],
[P0328],"The Connecticut Hospice, 100 Double Beach Road, Branford, CT",The Connecticut Hospice,Locality,,,06405,[P0466],
[P0336],"5125 Renaissance Ave. San Diego, CA",5125 Renaissance Avenue,Street,,,,[P0044],
[P0337],"9005 Montrose Way. San Diego, CA",9005 Montrose Way,Street,,,,[P0044],
[P0363],"Orange, New York, USA",Orange,County,,,,[P0052],
[P0370],"Maly Trostinets, Belarus (previously USSR)",Maly Trostinets,City,,,,[P0245],
[P0388],"Westchester, New York, USA",Westchester,County,,,,[P0052],
[P0389],"Pound Ridge, Westchester, NY",Pound Ridge,City,,,,[P0388],
[P0390],"Ward Pound Ridge Reservation, Pound Ridge, Westchester, New York, United States",Ward Pound Ridge Reservation,Locality,,,,[P0389],
[P0391],"19th District, Vienna, Austria",19th District (XIX),Locality,,,,[P0003],
[P0427],"Suffolk, New York, USA",Suffolk,County,,,,[P0052],
[P0433],"Albany, New York, USA",Albany,County,,,,[P0052],
[P0447],"9th District, Vienna, Austria",9th District (IX),Locality,,,,[P0003],
[P0448],"4th District, Vienna, Austria",4th District (IV),Locality,,,,[P0003],
[P0452],"Rye Brook, Westchester, NY",Rye Brook,City,,,,[P0388],
[P0460],"Sullivan, New York, USA",Sullivan,County,,,,[P0052],
[P0469],"2nd District, Vienna, Austria",2nd District (II),Locality,,,,[P0003],
[P0470],"the 'rural District', Thessaloniki, Greece",The 'rural District',Locality,,,,[P0270],
[P0473],"Valhalla, NY",Valhalla,City,,,,[P0052],
[P0474],"Lindenhurst , NY",Lindenhurst ,City,,,,[P0052],
[P0475],"Mountaindale, Sullivan, NY",Mountaindale,Village,,,,[P0460],
[P0480],"Rue Vintimille, Paris",Rue Vintimille,Street,,,,[P0224],
[P0481],"Rue Vintimille 9, Paris France",9,Building,,,,[P0480],
[P0485],"Hartsdale, NY",Hartsdale,City,,,,[P0052],
[P0486],"Hartsdale Avenue, Hartsdale NY",Hartsdale Avenue,Street,,,,[P0485],
[P0487],"111 Hartsdale Avenue, Hartsdale, NY",111,Building,,,,[P0486],
[P0491],"Woodbury, NY",Woodbury,City,,,,[P0052],
[P0492],"Worthington Pump, Harrison, NJ",Worthington Pump,Locality,,,,[P0499],
[P0500],"Malzgasse, Vienna",Malzgasse,Street,,,,[P0003],
[P0501],"Dr. Krüger-Heim (Malzgasse 7, Vienna)",Dr. Krüger-Heim (House  #7),Building,,,,[P0500],
[P0505],"Glasergasse, Vienna",Glasergasse,Street,,,,[P0447],
[P0506],"Glasergasse 7, Vienna",7,Building,,,,[P0505],
[P0509],"Karajangasse 17, Vienna",Karajangasse 17,Building,,,,[P0003],
[P0510],"Karajangasse 17/8, Vienna",Karajangasse 17/8,Apartment,,,,[P0509],
[P0463],"Albany, New York",Albany,City,,,,[P0433],
[P0471],"Mount Kisco, NY",Mount Kisco,City,,,,[P0388],
[P0516],"Great Neck, NY",Great Neck,City,,,,[P0052],
[P0519],"Ellenville, New York",Ellenville,City,,,,[P0052],
[P0520],"Glen Wild, NY",Glen Wild,City,,,,[P0460],
[P0528],"South Fallsburg, NY",South Fallsburg,City,,,,[P0052],
[P0529],"Harrison, NY",Harrison,City,,,,[P0388],
[P0530],"Yonkers, NY",Yonkers,City,,,,[P0388],
[P0456],"1st District, Vienna, Austria",1st District (I),District,,,,[P0003],
[P0457],"Salvatorgasse, Vienna",Salvatorgasse,Street,,,,[P0456],
[P0458],"Simon Schacherl & Co.  Salvatorgasse 1, Vienna",Simon Schacherl & Co.  Salvatorgasse 1,Building,,,,[P0457],
[P0544],,Tuckahoe Road,Street,,,,[P0530],
[P0545],,631 Tuckahoe Road,Unknown,,,,[P0544],
[P0546],,Theodore Roosevelt High School,Unknown,,,,[P0545],
[P0553],,Garden City,City,,,,[P0069],
[P0554],,Adelphi University,Unknown,,,,[P0553],
[P0556],,La Florentine Homeowners Association,Unknown,,,,[P0044],
[P0557],,Renaissance La Jolla Community Association,Unknown,,,,[P0044],
[P0558],,Retire Senior Volunteer Patrol (RSVP),Unknown,,,,[P0044],
[P0559],,Vista La Jolla Homeowners Association,Unknown,,,,[P0044],
[P0567],,1710 NW Hoyt Street,Unknown,,,,[P0027],
[P0569],,0319 SW Taylors Ferry Road,Street,,,,[P0027],
[P0570],,Riverview Cemetery Mausoleum,Building,,,,[P0569],
[P0578],,Seitenstettengasse 4,Building,,,,[P0456],
[P0579],,3rd District (III),District,,,,[P0003],
[P0580],,Salesianergasse 20/4,Building,,,,[P0579],
[P0581],,Schwedenplatz 4,Building,,,,[P0456],
[P0582],,Hotel Stiller,Building,,,,[P0581],
[P0589],,Kings Street,Street,,,,[P0475],
[P0590],,Marsh Road,Street,,,,[P0520],
[P0596],,7th District (VII),District,,,,[P0003],
[P0597],,Zeismannsbrunngasse 4,Building,,,,[P0596],
[P0598],,Naglergasse 29,Unknown,,,,[P0456],
[P0599],,Wipplingerstrasse 14,Building,,,,[P0456],
[P0600],,Seitenstettengasse 5 (across from Synagogue),Building,,,,[P0456],
[P0602],,Post Office Road,Street,,,,[P0475],
[P0604],,75 Highland Avenue,Unknown,,,,[P0070],
[P0605],,Temple Sinai Cemetery,Unknown,,,,[P0604],
[P0606],,Binghamton,City,,,,[P0052],
[P0608],,Cornwall-on-Hudson,Village,,,,[P0052],
[P0609],,78 Academy Avenue,Building,,,,[P0608],
[P0610],,Roslyn,Town,,,,[P0052],
[P0611],,272 Shelter Rock Road,Building,,,,[P0610],
[P0612],,Shelter Rock Jewish Center,Building,,,,[P0611],
[P0619],,Franzensbrückenstr. 6/2,Building,,,,[P0469],
[P0623],,Darwingasse 34/2,Building,,,,[P0469],
[P0624],,Sachsendorf (Bezirk Kirchberg am Wechsel),Village,,,,[P0625],
[P0633],,5407 Hollywood Blvd,Building,,,,[P0067],
[P0631],,Hebrew Congregation of Mountaindale Cemetery,Unknown,,,,[P0520],
[P0640],,Fontainebleau Miami Beach,Building,,,,[P0053],
[P0642],,Washington High School,Building,,,,[P0027],
[P0646],,Multnomah Athletic Club,Building,,,,[P0027],
[P0647],,Hopewell House Hospice,Building,,,,[P0027],
[P0648],,Portland State University,Building,,,,[P0027],
[P0653],,"Stube 1, Block 16 (Room 1 in Block 16)",Building,,,,[P0055],
[P0660],,Lagerlazarett Spassk,Building,,,,[P0661],
[P0004],"New York City, NY",New York City,City,,,,[P0052],
[P0006],"Merrick, NY",Merrick,City,,,,[P0052],
[P0012],"New Rochelle, New York",New Rochelle,City,,,,[P0388],
[P0015],"Mamaroneck, NY",Mamaroneck,City,,,,[P0052],
[P0022],"Far Rockaway, New York",Far Rockaway,City,,,,[P0052],
[P0034],"Jewish Community Center of Harrison, Harrison, NY",Jewish Community Center of Harrison,Locality,,,,[P0529],
[P0035],"4 Reservation Road, Pound Ridge",4 Reservation Road,Street,,,10576,[P0390],
[P0036],"Tarrytown, NY",Tarrytown,City,,,,[P0388],
[P0037],"Lynbrook, NY",Lynbrook,City,,,,[P0052],
[P0038],Bermuda,Bermuda,Locality,,,,[P0174],
[P0041],"Rudolfinerhaus-Privatklinik, Billrothstrasse 78, Vienna, Austria",Rudolfinerhaus-Privatklinik (private clinic),Building,,,,[P0391],
[P0066],"Queens, New York, USA",Queens,County,,,,[P0004],
[P0076],"Northern Westchester Hospital Center, Mount Kisco, NY",Northern Westchester Hospital Center,Locality,,,,[P0471],
[P0081],"Mount Ararat Cemetery, Route 109 (Farmingdale Road), Lindenhurst, NY",Mount Ararat Cemetery,Locality,,,11757,[P0474],
[P0082],"Glasergasse 7/10, Vienna",Apartment 7/10,Apartment,,,,[P0506],
[P0084],"Goshen, NY",Goshen,City,,,10924,[P0363],
[P0086],"Mountaindale, NY",Town of Fallsburg,Locality,41°41′22″N,74°31′53″W,,[P0475],
[P0088],"Kleiderhaus ""Wiener Mode"", Franzensbrückenstrasse 10, Vienna","Kleiderhaus ""Wiener Mode"", Franzensbrückenstrasse 10",Locality,,,,[P0469],
[P0089],"Kleiderhaus ""Wiener Mode"", Favoritenstrasse 70, Vienna","Kleiderhaus ""Wiener Mode"", Favoritenstrasse 70",Locality,,,,[P0448],
[P0100],"Atria Cutter Mill, Cuttermill Road, Great Neck, NY",Atria Cutter Mill,Locality,,,,[P0516],
[P0102],City College New York,City College,Locality,,,,[P0004],
[P0108],"Mountaindale Synagogue Cemetery, Glen Wild, NY",Mountaindale Synagogue Cemetery,Locality,,,,[P0590],
[P0109],"Old Cadet Chapel, West Point, NY",Old Cadet Chapel,Locality,,,,[P0201],
[P0111],"Ellenville Synagogue, Ellenville, NY",Ellenville Synagogue,Locality,,,,[P0519],
[P0113],"Crest Hollow Country Club, Woodbury, NY",Crest Hollow Country Club,Locality,,,,[P0052],
[P0113],"Crest Hollow Country Club, Woodbury, NY",Crest Hollow Country Club,Locality,,,,[P0491],
[P0114],"Beth Israel Hospital, New York, NY",Beth Israel Hospital,Locality,,,,[P0004],
[P0117],"Kutsher's Country Club, South Fallsburg, NY",Kutsher's Country Club,Locality,,,,[P0528],
[P0118],"North Shore LI Jewish Hospital, Great Neck, NY",North Shore LI Jewish Hospital,Locality,,,,[P0516],
[P0120],"College of Saint Rose, Albany, NY",College of Saint Rose,Locality,,,,[P0463],
[P0129],"Fallsburg, New York",Fallsburg,City,,,,[P0460],
[P0130],"Stadttempel (Synagogue), Seitenstettengasse 4, Vienna",Stadttempel (Vienna City Temple),Building,48° 12′ 42″ N,16° 22′ 28″ E,,[P0578],
[P0132],"Anderman Oil, 242 Main Street, Mountaindale, New York",Anderman Oil,Locality,,,,[P0475],
[P0145],"Breeze Lawn Hotel, Ellenville, NY",Breeze Lawn Hotel,Locality,,,,[P0519],
[P0147],"Maxan Manufacturing Company Inc., 513 Broadway, New York, NY","Maxan Manufacturing Company Inc., 513 Broadway",Building,,,,[P0004],
[P0168],"Scarsdale, NY",Scarsdale,City,,,,[P0388],
[P0169],"2 Stonefalls Court, Rye Brook, NY",2 Stonefalls Court,Building,,,,[P0452],
[P0171],"SUNY Albany, Albany, NY",SUNY Albany,Locality,,,,[P0463],
[P0178],"Anderman's Fruit Store, Mountaindale, NY",Anderman's Fruit Store,Building,,,,[P0475],
[P0184],"Judengasse 12, Vienna 1010",Judengasse 12,Building,,,,[P0456],
[P0185],"Kolschitzkigasse 4, Vienna",Kolschitzkigasse 4,Building,,,,[P0448],
[P0200],"Bahnstrasse 28, Neunkirchen, Austria",Bahnstrasse 28,Building,,,,[P0205],
[P0209],"Nickelgasse 3, Vienna, Austria",Nickelgasse 3,Building,,,,[P0469],
[P0211],"Atelier Rembrandt, Taborstrasse 11, Vienna (Julius Beck's photography studio)","Atelier Rembrandt, Taborstrasse 11 (Julius Beck's photography studio)",Building,,,,[P0469],
[P0227],"Stephaniestrasse 9 (since 1919: Holandstrasse), Vienna",Stephaniestrasse 9/1/1/2 (since 1919: Hollandstrasse 9/1/1/2) ,Building,,,,[P0469],
[P0257],"Maly Trostenets extermination camp (Maly Trostinec),  Belarus",Maly Trostenets extermination camp,Locality,,,,[P0370],
[P0260],"3 Koromila Street, Thessaloniki, Greece",Koromila Street,Street,,,,[P0470],
[P0272],"Gestapo prison, Vasilissis Olga Street 31, Thessaloniki","Gestapo prison, Vasilissis Olga Street 31",Locality,,,,[P0273],
[P0281],"""Sammel-Lager"" Kleine Sperlgasse 2a, Vienna",Kleine Sperlgasse 2a (Sammel-Lager),Building,,,,[P0469],
[P0303],"15 Princeton Avenue, Yonkers, NY",15 Princeton Avenue,Street,,,,[P0530],
[P0311],"161-12 Union Turnpike, Queens",161-12 Union Turnpike,Street,,,,[P0066],
[P0327],"Sharon Gardens Cemetery, 273 Lakeview Ave, Valhalla, NY",Sharon Gardens Cemetery,Locality,,,10595,[P0473],
[P0331],"22 Chesterfield Road, Scarsdale",22 Chesterfield Road,Street,,,,[P0168],
[P0333],"Ardsley, NY",Ardsley,Village,,,10502,[P0388],
[P0335],"11 Chimney Pot Lane. Ardsley, NY",11 Chimney Pot Lane,Street,,,10502,[P0333],
[P0338],"Midchester Jewish Center, Yonkers, NY",Midchester Jewish Center,Locality,,,,[P0530],
[P0031],"Manhattan, New York, USA",Manhattan,County,,,,[P0004],
[P0051],"Knickerbocker Hospital, 70 Convent Avenue, Manhattan, NY",Knickerbocker Hospital,Locality,,,,[P0031],
[P0002],"The Bronx, New York, USA",The Bronx,County,,,,[P0004],
[P0375],"Riverdale, Bronx, New York, USA",Riverdale,Locality,,,,[P0002],
[P0005],"Brooklyn, New York, USA",Brooklyn,County,,,,[P0004],
[P0428],"Farmingdale (Pinelawn?), Suffolk, NY",Farmingdale (Pinelawn?),City,,,,[P0427],
[P0386],"Flushing, Queens, New York, USA",Flushing,Locality,,,,[P0066],
[P0461],"Eastchester, Scarsdale, Westchester, New York, United States",Eastchester,Locality,,,,[P0168],
[P0468],"West Babylon, Queens, New York, USA",West Babylon,Locality,,,,[P0066],
[P0488],40 Keogh Lane,40 Keogh Lane,Street,,,,[P0012],
[P0489],"Bayberry Care Center, 40 Keogh Lane, New Rochelle",Bayberry Care Center (Nursing Home),Nursing Home,,,,[P0488],
[P0493],"Columbia University, New York City",Columbia University,Locality,,,,[P0031],
[P0494],"Gerard Avenue, Bronx NY",Gerard Avenue,Street,,,,[P0002],
[P0495],"385 Gerard Avenue, Bronx NY (Royal Sewing Company (10th floor))",385,Building,,,,[P0494],
[P0496],"1130 Gerard Avenue, Bronx, NY",1130,Building,,,,[P0494],
[P0515],"5th Avenue, Manhattan",5th Avenue,Street,,,,[P0031],
[P0531],"Burbank Street, Bronx, NY",Burbank Street,Street,,,,[P0002],
[P0451],"108 Lewis St, New York, NY",108 Lewis Street,Building,,,,[P0031],
[P0455],"Ellery St, Brooklyn, NY",Ellery Street,Street,,,,[P0005],
[P0459],"""Senate"", Bronx, NY",Senate,Locality,,,,[P0002],
[P0538],,Weeks Avenue,Street,,,,[P0002],
[P0539],,1691,Building,,,,[P0538],
[P0540],,NYC Public School 70,Unknown,,,,[P0539],
[P0541],,Morris Avenue,Street,,,,[P0002],
[P0542],,1865 Morris Ave,Unknown,,,,[P0541],
[P0543],,Joseph H. Wade Junior High School,Unknown,,,,[P0542],
[P0555],,Ardsley Fire Department (AFD),Department,,,,[P0333],
[P0560],,Cromwell Avenue,Street,,,,[P0002],
[P0561],,1155 Cromwell Ave,Unknown,,,,[P0560],
[P0562],,NYC Public Scool 114 Luis Llorens Torres School,Unknown,,,,[P0561],
[P0563],,Sheridan Avenue,Street,,,,[P0002],
[P0564],,William Howard Taft High School,Building,,,,[P0563],
[P0564],,William Howard Taft High School,Building,,,,[P0002],
[P0573],,Palisade Avenue,Street,,,,[P0002],
[P0574],,5901,Building,,,,[P0573],
[P0575],,The Hebrew Home at Riverdale,Nursing Home,,,,[P0574],
[P0576],,Bronx-Lebanon Hospital,Building,,,,[P0002],
[P0591],,115 Brickman Road,Building,,,,[P0129],
[P0592],,Fallsburg Junior Senior High School,Building,,,,[P0591],
[P0594],,15 Old Falls Road,Building,,,,[P0129],
[P0607],,822 Crown Street,Building,,,,[P0005],
[P0613],,Sonesta Hotel,Building,,,,[P0038],
[P0629],,1275 Grand Concourse,Street,,,,[P0002],
[P0630],,Temple Adath Israel,Building,,,,[P0629],
[P0652],,Main Woodridge Road,Street,,,,[P0086],
[P0064],"Congregation Adath Jeshurun, 87 E 165 Street (Corner Gerard Avenue),  Bronx, NY",Congregation Adath Jeshurun,Locality,,,,[P0002],
[P0071],"Pelham Bay General Hospital, Bronx, NY",Pelham Bay General Hospital,Locality,,,,[P0002],
[P0072],"Einstein Hospital, Bronx, NY",Einstein Hospital,Locality,,,,[P0002],
[P0075],"Wellwood Cemetery, Pinelawn Road, Farmingdale, NY",Wellwood Cemetery,Locality,,,11735,[P0428],
[P0078],"Mount Hebron Cemetery, 130-04 Horace Harding Expressway Queens, NY",Mount Hebron Cemetery,Locality,,,11367,[P0386],
[P0079],"New Montefiore Cemetery, 1180 Wellwood Ave, Queens, NY",New Montefiore Cemetery,Locality,,,11704,[P0468],
[P0099],"513 Hegeman Ave, Brooklyn",513 Hegeman Avenue,Building,,,,[P0005],
[P0101],"Johnson Street, Brooklyn, NY",Johnson Street,Street,,,,[P0005],
[P0104],"245 2nd St, New York",245 2nd St,Building,,,,[P0031],
[P0105],"S. Frank Co., Ave B and 17th Street, Manhattan, NY",S. Frank Co.,Locality,,,,[P0031],
[P0137],"Anderman Grocery Store, Brooklyn, NY",405 Troy Avenue (corner of Montgomery Street),Building,,,11213,[P0005],
[P0138],"840 Montgomery Street, Brooklyn",840 Montgomery Street,Building,,,,[P0005],
[P0139],"Co-op City, Bronx, NY",Co-op City,Locality,,,10475,[P0002],
[P0140],"700 East 139st, Bronx, NY",700 East 139 Street,Building,,,,[P0002],
[P0142],"Mount Eden Center, 1660 Morris Avenue, Bronx, NY",Mount Eden Center,Locality,,,,[P0002],
[P0144],"New York University, Manhattan, NY",New York University,Locality,,,,[P0031],
[P0146],"Walton High School, Bronx, NY",Walton High School,Locality,,,,[P0002],
[P0156],"310 E. 73rd Street, Manhattan, NY",310 E. 73rd Street,Building,,,,[P0031],
[P0157],"Congregation Shaare Berocho, 15 E. 60th Street, Manhattan, NY",Congregation Shaare Berocho,Locality,,,,[P0031],
[P0158],"312 7th Avenue, Manhattan, NY",312 7th Avenue,Building,,,,[P0031],
[P0159],"251 W. St, Manhattan, NY",251 W. Street,Building,,,,[P0031],
[P0161],"281 St Anns Ave, Bronx, NY",281 St Anns Avenue,Building,,,,[P0002],
[P0162],"2022 7th Ave, Manhattan, NY",2022 7th Avenue,Building,,,,[P0031],
[P0165],"Burbank Street(1st apt), Yonkers, NY",Burbank Street(1st apt),Building,,,,[P0531],
[P0166],"Burbank Street(2nd apt), Yonkers, NY",Burbank Street(2nd apt),Building,,,,[P0531],
[P0167],"18 Bronson Avenue, Scarsdale, New York",18 Bronson Avenue,Street,,,,[P0461],
[P0182],"Todd Vendig Corp., 84 5th Avenue, Manhattan, NY",Todd Vendig Corp.,Locality,,,,[P0031],
[P0216],"Fordham Hospital, Bronx, NY",Fordham Hospital,Locality,40° 51′ 33.19″ N,73° 52′ 52.86″ W,,[P0002],
[P0279],"The Baba Restaurant & Night Club, 91-33 63rd Dr. (Austin St.), Queens, NY",The Baba Restaurant & Night Club,Locality,,,11374,[P0386],
[P0308],"917 Blake Avenue, Brooklyn",917 Blake Avenue,Building,,,,[P0005],
[P0310],"636 Blake Avenue, Brooklyn",636 Blake Avenue,Building,,,,[P0005],
[P0316],"2230 Grand Concourse, Bronx NY",2230 Grand Concourse,Building,,,,[P0002],
[P0323],"58 Clifford Place, Bronx",58 Clifford Place,Building,,,,[P0002],
[P0324],"2929 Bronxwood Avenue, Bronx, NY",2929 Bronxwood Avenue,Building,,,,[P0002],
[P0312],"150-48 78th Road, Flushing, Queens, NY",150-48 78th Road,Street,,,11367,[P0386],
[P0332],"Paradeen Manor, 11 West Mt Eden Avenue, Bronx, NY",Paradeen Manor,Locality,,,,[P0002],
[P0334],"1166 Gerard Avenue (Apt S41), Bronx, NY",1166,Building,,,,[P0494],
[P0339],"Atria (Assisted Living) 3718-3726 Henry Hudson Parkway, Bronx, NY",Atria (Assisted Living),Locality,,,10463,[P0375],
[P0340],"1598 Townsend Avenue, Bronx, NY",1598 Townsend Avenue,Building,,,,[P0002],
[P0593],,Benjamin Cosor Elementary School,Building,,,,[P0594],
[P0007],"Lenox Hill Hospital, Manhattan, NY",Lenox Hill Hospital,Locality,,,,[P0104],
